# type (r[1-9];w;u),circuit,name,[comment],[QQ],ZZ,PBSB,[ID],field1,part (m/s),datatypes/templates,divider/values,unit,comment,field2,part (m/s),datatypes/templates,divider/values,unit,comment,field3,part (m/s),datatypes/templates,divider/values,unit,comment,field4,part (m/s),datatypes/templates,divider/values,unit,comment
*r,,,,,,"B511",,,,,,,,,,,,,,,,,,,,,,,,,
r,,State,,,,,07,energy,,UCH,,,,,,energy,,kWh,,onoff,,UCH,0=off;1=on,,,state,,UCH,0x01=ready;0x0b=error;0x09=heating;0x11=cooling;0x81=heating_water,,
# Values from Live Monitor,,,,,,,,,,,,,,,,,,,,,,,,,,,,,,,
*r,,,,,,B51A,05,,,,,,,,,,,,,,,,,,,,,,,,
*w,,,,,,B51A,05,,,,,,,,,,,,,,,,,,,,,,,,
w,,ReadLiveMonitor,Payload needed sent: FF321f=desired supply (D2C);FF3220=current supply (D2C);FF3224=current power consumption (UIN);FF3223=power generated (UIN);FF3225=Modulation (D1B);FF3226=Air intake (D2C),,,,,,m,HEX:3,,,,,,,,,,,,,,,,,,,,,
r,,LiveMonitorDesiredSupply,D2C,,,,FF321f,,,IGN:3,,,,temperature,,D2C,,°C,,,,,,,,,,,,,
r,,LiveMonitorCurrentSupply,D2C,,,,FF3220,,,IGN:3,,,,temperature,,D2C,,°C,,,,,,,,,,,,,
r,,LiveMonitorPowerConsumption,UIN,,,,FF3224,,,IGN:3,,,,,,energy,10,kW,,,,,,,,,,,,,
r,,LiveMonitorPowerGenerated,UIN,,,,FF3223,,,IGN:3,,,,,,energy,10,kW,,,,,,,,,,,,,
r,,LiveMonitorCompressorModulation,D1B,,,,FF3225,,,IGN:3,,,,percentage,,D1B,,,,,,,,,,,,,,,
r,,LiveMonitorAirIntake,D1B,,,,FF3226,,,IGN:3,,,,temperature,,SIN,16,°C,,,,,,,,,,,,,
r,,CompressorHours,,,,,FF3400,,,IGN:3,,,,,,UIN,,hours,,,,,,,,,,,,,
r,,CompressorStarts,,,,,FF3401,,,IGN:3,,,,,,UIN,,,,,,,,,,,,,,,
# Total heating yields,,,,,,,,,,,,,,,,,,,,,,,,,,,,,,,
*r,,,,,,"B516","18",,,IGN:1,,,,,,,,,,,,,,,,,,,,,
r,,YieldTotal,,,,,01,,,energy,,,,,,,,,,,,,,,,,,,,,
# Total electric power consumption,,,,,,,,,,,,,,,,,,,,,,,,,,,,,,,
r,,ConsumptionTotal,,,,,02,,,energy,,,,,,,,,,,,,,,,,,,,,
# Ecologic energy Yields,,,,,,,,,,,,,,,,,,,,,,,,,,,,,,,
*r,,,,,,"B516","1A01",,,IGN:1,,,,,,,,,,,,,,,,,,,,,
r,,YieldThisYear1,,,,,0100,month,,D1B,,,,,,IGN:1,,,,,,energy,,,,,,,,,
r,,YieldThisYear2,,,,,0200,month,,D1B,,,,,,IGN:1,,,,,,energy,,,,,,,,,
r,,YieldThisYear3,,,,,0300,month,,D1B,,,,,,IGN:1,,,,,,energy,,,,,,,,,
r,,YieldThisYear4,,,,,0400,month,,D1B,,,,,,IGN:1,,,,,,energy,,,,,,,,,
r,,YieldThisYear5,,,,,0500,month,,D1B,,,,,,IGN:1,,,,,,energy,,,,,,,,,
r,,YieldThisYear6,,,,,0600,month,,D1B,,,,,,IGN:1,,,,,,energy,,,,,,,,,
r,,YieldThisYear7,,,,,0700,month,,D1B,,,,,,IGN:1,,,,,,energy,,,,,,,,,
r,,YieldThisYear8,,,,,0800,month,,D1B,,,,,,IGN:1,,,,,,energy,,,,,,,,,
r,,YieldThisYear9,,,,,0900,month,,D1B,,,,,,IGN:1,,,,,,energy,,,,,,,,,
r,,YieldThisYear10,,,,,0A00,month,,D1B,,,,,,IGN:1,,,,,,energy,,,,,,,,,
r,,YieldThisYear11,,,,,0B00,month,,D1B,,,,,,IGN:1,,,,,,energy,,,,,,,,,
r,,YieldThisYear12,,,,,0C00,month,,D1B,,,,,,IGN:1,,,,,,energy,,,,,,,,,
# Electric power consumption,,,,,,,,,,,,,,,,,,,,,,,,,,,,,,,
*r,,,,,,"B516","1A02",,,IGN:1,,,,,,,,,,,,,,,,,,,,,
r,,ConsumptionThisYear1,,,,,0100,month,,D1B,,,,,,IGN:1,,,,,,energy,,,,,,,,,
r,,ConsumptionThisYear2,,,,,0200,month,,D1B,,,,,,IGN:1,,,,,,energy,,,,,,,,,
r,,ConsumptionThisYear3,,,,,0300,month,,D1B,,,,,,IGN:1,,,,,,energy,,,,,,,,,
r,,ConsumptionThisYear4,,,,,0400,month,,D1B,,,,,,IGN:1,,,,,,energy,,,,,,,,,
r,,ConsumptionThisYear5,,,,,0500,month,,D1B,,,,,,IGN:1,,,,,,energy,,,,,,,,,
r,,ConsumptionThisYear6,,,,,0600,month,,D1B,,,,,,IGN:1,,,,,,energy,,,,,,,,,
r,,ConsumptionThisYear7,,,,,0700,month,,D1B,,,,,,IGN:1,,,,,,energy,,,,,,,,,
r,,ConsumptionThisYear8,,,,,0800,month,,D1B,,,,,,IGN:1,,,,,,energy,,,,,,,,,
r,,ConsumptionThisYear9,,,,,0900,month,,D1B,,,,,,IGN:1,,,,,,energy,,,,,,,,,
r,,ConsumptionThisYear10,,,,,0A00,month,,D1B,,,,,,IGN:1,,,,,,energy,,,,,,,,,
r,,ConsumptionThisYear11,,,,,0B00,month,,D1B,,,,,,IGN:1,,,,,,energy,,,,,,,,,
r,,ConsumptionThisYear12,,,,,0C00,month,,D1B,,,,,,IGN:1,,,,,,energy,,,,,,,,,
# Values from UniTower Test Menu,,,,,,,,,,,,,,,,,,,,,,,,,,,,,,,
*r,,,,,,B514,05,,,IGN:2,,,,,,,,,,,,,,,,,,,,,
r,,WaterThroughput,,,,,2B03FFFF,,,UIN,,l/h,Aktuelle Heizwasser Durchflussrate der Wärmepumpe in Liter pro Stunde,,,,,,,,,,,,,,,,,,
!include,hcmode.inc,,,,,,,,,,,,,,,,,,,,,,,,,,,,,,
!include,errors.inc,,,,,,,,,,,,,,,,,,,,,,,,,,,,,,
